Planet_Name,System_Distance_PC,Equilibrium_Temperature,System_Infrared_Magnitude,disc_id,thermo_id
TOI-674 b,46.0851,635,9.469,637,638
HIP 94235 b,58.5146,1060,6.881,1062,1063
HATS-8 b,794.637,1324,12.661,1326,1327
NGTS-9 b,609.128,1448,11.452,1450,1451
NGTS-2 b,356.391,1468,9.799,1470,1471
TOI-2803 A b,494.818,1893,11.282,1895,1896
Kepler-22 b,194.642,279,10.152,281,282
K2-416 b,120.311,447,10.734,449,450
K2-141 c,61.8736,695,8.401,697,698
EPIC 220674823 b,244.59,2300,10.344,2302,2303
Kepler-1704 b,835.455,254,11.792,256,257
TOI-1231 b,27.6227,330,8.069,332,333
HD 191939 c,53.6089,600,7.18,602,603
TOI-4137 b,334.993,1570,10.004,1572,1573
TOI-1295 b,388.227,2360,10.08,2362,2363
TOI-2136 b,33.3631,395,9.343,397,398
TOI-1695 b,45.1309,698,8.818,700,701
TOI-269 b,57.0225,531,10.1,533,534
TOI-561 c,85.799,800,8.394,802,803
Kepler-426 b,843.695,1300,13.212,1302,1303
WASP-36 b,386.346,1733,11.294,1735,1736
Qatar-10 b,559.068,1955,11.382,1957,1958
K2-79 b,256.011,1022,9.907,1024,1025
TOI-480 b,54.5306,1199,6.01,1201,1202
Kepler-107 c,525.997,1378,11.06,1380,1381
HAT-P-68 b,202.152,1028,11.019,1030,1031
Qatar-9 b,213.771,1134,11.104,1136,1137
TOI-1107 b,281.314,1728,9.205,1730,1731
Kepler-41 b,1093.08,1790,12.892,1792,1793
TOI-561 b,85.799,2310,8.394,2312,2313
Qatar-6 b,100.848,1006,9.226,1008,1009
TOI-500 b,47.3924,1617,7.715,1619,1620
HD 80653 b,109.86,2463,8.018,2465,2466
HD 6061 b,67.6203,1075,7.392,1077,1078
K2-3 d,44.0727,305,8.561,307,308
K2-233 b,67.5062,1121,8.375,1123,1124
TOI-1221 b,138.411,440,9.036,442,443
TOI-2088 b,126.46,300,9.521,302,303
Kepler-103 b,494.832,973,10.873,975,976
TOI-5344 b,138.367,689,10.86,691,692
TOI-5205 b,86.4493,737,11.006,739,740
K2-238 b,537.963,1587,12.032,1589,1590
TOI-6016 b,364.715,1890,10.224,1892,1893
Kepler-21 b,108.522,2015,6.945,2017,2018
HATS-18 b,624.368,2069,12.289,2071,2072
TOI-270 b,22.4793,581,8.251,583,584
TOI-1749 b,99.5561,831,10.27,833,834
HD 110113 b,106.307,1371,8.502,1373,1374
TOI-1333 b,200.492,1679,8.272,1681,1682
WASP-153 b,610.176,1700,11.051,1702,1703
Kepler-1654 b,568.117,206,11.922,208,209
WASP-181 b,437.495,1186,11.443,1188,1189
NGTS-27 b,942.122,1783,11.859,1785,1786
Kepler-87 c,1232.9,403,12.981,405,406
TOI-3757 b,181.139,759,11.152,761,762
WASP-144 b,355.513,1260,10.897,1262,1263
WASP-171 b,757.84,1642,11.104,1644,1645
TOI-519 b,115.557,687,11.951,689,690
TOI-6383 A b,171.319,745,12.087,747,748
TOI-5616 b,390.415,939,12.735,941,942
HATS-76 b,385.689,940,12.812,942,943
NGTS-25 b,521.233,1101,12.324,1103,1104
HAT-P-16 b,226.637,1626,9.553001,1628,1629
HD 213885 b,48.0883,2128,6.419,2130,2131
HD 23472 c,39.0341,467,7.207,469,470
LTT 9779 b,80.4373,1978,8.016,1980,1981
K2-32 d,157.682,550,9.821,552,553
K2-182 b,154.83,966,9.913,968,969
WASP-19 b,268.325,2113,10.481,2115,2116
Kepler-62 e,300.874,270,11.659,272,273
TOI-663 b,64.2308,674,9.607,676,677
TOI-2587 A b,373.675,1445,9.991,1447,1448
TOI-4087 b,301.676,1458,10.436,1460,1461
HD 110067 d,32.1585,602,6.492,604,605
K2-100 b,188.959,1841,9.182,1843,1844
TOI-1899 b,128.438,378,10.509,380,381
EPIC 220674823 c,244.59,805,10.344,807,808
TOI-421 b,74.7969,922,8.071,924,925
WASP-81 b,398.505,1623,10.892,1625,1626
HAT-P-45 b,298.64,1652,10.201,1654,1655
EPIC 246851721 b,372.632,1401,9.893,1403,1404
TOI-150.01,336.267,1404,9.94,1406,1407
TOI-157 b,355.683,1588,10.892,1590,1591
TOI-564 b,199.581,1714,9.604,1716,1717
GJ 1132 b,12.613,584,8.322,586,587
TOI-836 c,27.5024,665,6.804,667,668
LP 714-47 b,52.616,700,8.626,702,703
HD 332231 b,80.6665,798,7.242,800,801
WASP-42 b,177.291,1021,10.033,1023,1024
TOI-1751 b,113.335,652,7.934,654,655
GJ 3473 b,27.3644,773,8.829001,775,776
WASP-123 b,197.996,1520,9.362001,1522,1523
LHS 1478 b,18.2276,595,8.767,597,598
TOI-4145 A b,205.387,1074,10.286,1076,1077
HD 106315 b,109.353,1153,7.853,1155,1156
Kepler-1876 b,259.935,1299,9.472,1301,1302
CoRoT-25 b,1103.48,1330,12.846,1332,1333
TOI-2818 b,312.674,1376,10.403,1378,1379
Kepler-1661 b,410.607,243,12.162,245,246
HD 95338 b,36.9941,385,6.591,387,388
TOI-3629 b,130.091,690,10.553,692,693
HATS-17 b,400.331,814,10.698,816,817
TOI-2000 c,175.713,1038,9.303001,1040,1041
TOI-2529 b,296.271,636,9.489,638,639
TOI-2128 b,36.578,781,5.821,783,784
HAT-P-54 b,143.651,818,10.326,820,821
GJ 414 A c,11.8893,125,4.979,127,128
K2-292 b,114.293,795,8.407,797,798
TOI-1269 b,172.138,1005,9.89,1007,1008
TOI-2524 b,438.842,1100,11.198,1102,1103
HATS-55 b,609.838,1367,12.02,1369,1370
HATS-57 b,279.485,1413,10.707,1415,1416
CoRoT-12 b,1126.37,1442,13.557,1444,1445
HAT-P-52 b,361.155,1218,11.621,1220,1221
WASP-65 b,273.703,1480,10.346,1482,1483
WASP-104 b,185.932,1516,9.882,1518,1519
TOI-1470 b,51.9503,734,9.283,736,737
TOI-1064 b,68.0726,784,8.467,786,787
TOI-5153 b,390.484,906,10.408,908,909
HATS-1 b,283.971,1359,10.58,1361,1362
HD 110067 c,32.1585,699,6.492,701,702
WASP-166 b,114.173,1270,8.032,1272,1273
Kepler-7 b,922.562,1630,11.535,1632,1633
TOI-411 c,62.7792,931,6.981,933,934
HATS-59 b,642.884,1128,12.238,1130,1131
WASP-57 b,398.276,1338,11.244,1340,1341
HATS-53 b,585.77,1312,12.046,1314,1315
TOI-3912 b,465.992,1512,10.922,1514,1515
TOI-2714 b,597.873,1603,11.807,1605,1606
TOI-5634 A b,306.144,837,12.913,839,840
HATS-69 b,414.537,1296,11.875,1298,1299
TOI-4600 c,216.056,191,10.571,193,194
WASP-160 B b,288.326,1119,11.055,1121,1122
GJ 3929 b,15.8095,568,7.869,570,571
TOI-3235 b,72.811,604,10.819,606,607
TOI-3819 b,558.141,1633,11.077,1635,1636
TOI-1246 e,169.422,464,9.907,466,467
Qatar-2 b,181.374,1344,10.619,1346,1347
TOI-4127 b,319.632,605,10.245,607,608
LTT 3780 b,21.9814,903,8.204001,905,906
TOI-2842 b,460.995,1471,11.062,1473,1474
NGTS-13 b,647.595,1605,11.141,1607,1608
TOI-3261 b,300.141,1722,11.184,1724,1725
HD 137496 b,155.317,2130,8.244,2132,2133
TOI-762 A b,98.4458,555,11.084,557,558
TOI-905 b,158.649,1192,9.448,1194,1195
Kepler-44 b,1188.0,1544,12.878,1546,1547
TOI-2095 c,41.9176,297,8.988,299,300
Kepler-102 f,107.796,495,9.351,497,498
HD 73583 b,31.5666,714,6.948,716,717
TOI-181 b,96.2338,895,9.047,897,898
TOI-559 b,233.266,1180,9.638,1182,1183
TOI-1937 A b,415.135,2097,11.226,2099,2100
HD 136352 d,14.682,431,4.159,433,434
TOI-776 b,27.1701,520,7.615,522,523
HAT-P-42 b,405.238,1428,10.626,1430,1431
WASP-64 b,369.926,1689,10.956,1691,1692
Kepler-103 c,494.832,434,10.873,436,437
HD 15337 c,44.8155,642,7.044,644,645
TOI-2384 b,191.51,890,11.119,892,893
HATS-48 A b,263.609,955,11.427,957,958
TOI-2368 b,210.915,1000,10.342,1002,1003
TOI-132 b,163.678,1395,9.646,1397,1398
WASP-114 b,523.337,2043,11.074,2045,2046
TOI-1266 c,36.0118,354,8.84,356,357
CoRoT-27 b,1010.28,1500,12.985,1502,1503
WASP-175 b,539.36,1571,11.471,1573,1574
Kepler-433 b,1878.31,1776,12.826,1778,1779
HATS-29 b,353.891,1212,10.877,1214,1215
Kepler-68 b,144.166,1275,8.588,1277,1278
NGTS-17 b,1040.28,1457,12.724,1459,1460
TIC 393818343 b,93.7345,806,8.052,808,809
TOI-178 c,62.699,873,8.656,875,876
K2-25 b,44.9565,494,10.444,496,497
K2-199 b,107.518,913,9.625,915,916
HATS-40 b,1342.29,2101,12.147,2103,2104
WASP-167 b,423.552,2329,9.76,2331,2332
KOI-3503 b,887.064,785,12.483,787,788
HATS-39 b,878.521,1645,11.518,1647,1648
Qatar-3 b,735.601,1681,11.219,1683,1684
TOI-1260 b,73.5977,871,8.95,873,874
HAT-P-19 b,202.078,981,10.546,983,984
K2-285 b,154.961,1089,9.971,1091,1092
NGTS-26 b,1093.69,1331,13.119,1333,1334
TOI-1601 b,336.608,1494,9.191,1496,1497
HAT-P-65 b,738.519,1818,11.528,1820,1821
TOI-4201 b,189.011,725,11.368,727,728
K2-27 b,249.645,902,10.704,904,905
TOI-544 b,41.1166,999,7.8,1001,1002
HATS-30 b,342.14,1414,10.793,1416,1417
TOI-2015 b,47.3444,512,10.263,514,515
TOI-2379 b,211.247,624,11.477,626,627
Kepler-80 b,369.451,1102,12.253,1104,1105
WASP-172 b,538.11,1740,10.13,1742,1743
CoRoT-19 b,790.663,2000,11.837,2002,2003
TOI-3023 b,389.916,1596,10.243,1598,1599
PH1 b,1033.16,481,12.395,483,484
WASP-170 b,305.603,1422,10.724,1424,1425
TOI-2583 A b,566.189,1456,11.245,1458,1459
WASP-183 b,325.377,1111,11.207,1113,1114
Qatar-1 b,185.615,1418,10.409,1420,1421
HD 63935 b,48.9739,825,6.881,827,828
CoRoT-22 b,627.158,885,11.988,887,888
Wendelstein-2 b,565.541,2470,13.332,2472,2473
WASP-59 b,115.936,670,9.723,672,673
TOI-2236 b,355.59,1688,9.96,1690,1691
Kepler-37 c,63.9207,615,7.942,617,618
TOI-286 c,59.2293,475,7.851,477,478
WASP-140 b,117.598,1320,9.165,1322,1323
HATS-63 b,623.232,1398,12.216,1400,1401
HAT-P-1 b,158.979,1322,8.858,1324,1325
TOI-669 b,142.867,1125,9.134,1127,1128
HATS-68 b,603.955,1741,10.949,1743,1744
EPIC 201595106 b,232.1,2038,10.218,2040,2041
TOI-3714 b,112.71,750,10.852,752,753
TOI-2158 b,198.473,1188,9.071,1190,1191
TOI-2285 b,42.409,284,9.034,286,287
Kepler-538 b,155.956,417,9.645001,419,420
Kepler-102 e,107.796,590,9.351,592,593
TOI-1249 b,139.49,727,9.126,729,730
Kepler-109 c,474.861,859,11.001,861,862
HATS-43 b,362.273,1003,11.556,1005,1006
WASP-168 b,303.941,1340,10.443,1342,1343
TOI-2107 b,236.705,1397,10.328,1399,1400
HAT-P-39 b,697.004,1752,11.157,1754,1755
HD 260655 c,10.0055,557,5.862,559,560
TOI-1062 b,82.1733,1077,8.296,1079,1080
TOI-2498 b,275.265,1443,9.933,1445,1446
PH2 b,343.863,295,11.116,297,298
HD 28109 b,139.611,881,8.175,883,884
K2-232 b,130.72,1030,8.434,1032,1033
TIC 237913194 b,306.063,974,10.485,976,977
NGTS-10 b,341.24317438112195,1332,11.728,1334,1335
TOI-6651 b,212.128,1493,8.684,1495,1496
TOI-2196 b,259.947,1860,10.346,1862,1863
Kepler-553 c,728.525,251,13.064,253,254
HAT-P-63 b,403.458,1237,11.512,1239,1240
HD 3167 b,47.2899,1774,7.066,1776,1777
TOI-2134 c,22.6202,306,6.091,308,309
Kepler-20 d,282.563,430,10.871,432,433
TOI-2076 b,41.9091,688,7.115,690,691
WASP-53 b,201.338,1053,10.39,1055,1056
TOI-1776 b,44.647,1269,6.687,1271,1272
TOI-3894 b,417.365,1531,10.479,1533,1534
TOI-2580 b,379.253,2410,9.877,2412,2413
Kepler-409 b,68.173,438,7.768,440,441
TOI-663 d,64.2308,482,9.607,484,485
TOI-3785 b,79.7634,582,10.165,584,585
HAT-P-11 b,37.7647,847,7.009,849,850
K2-32 e,157.682,1066,9.821,1068,1069
HATS-7 b,240.707,1084,10.976,1086,1087
HD 1397 b,79.5702,1228,5.988,1230,1231
Kepler-10 b,185.506,2188,9.496,2190,2191
TOI-5678 b,165.393,513,9.563,515,516
TOI-1728 b,60.798,767,8.803001,769,770
TOI-1052 b,129.804,1135,8.246,1137,1138
HATS-51 b,389.57,1553,10.867,1555,1556
CoRoT-14 b,1744.6,1952,13.806,1954,1955
TOI-1710 b,81.2271,603,7.959,605,606
TOI-622 b,123.297,1388,7.858,1390,1391
TOI-4406 b,261.834,904,9.73,906,907
TOI-1268 b,109.557,919,8.911,921,922
TOI-2641 b,344.045,1387,10.325,1389,1390
HATS-58 A b,403.591,1721,10.289,1723,1724
TOI-2134 b,22.6202,666,6.091,668,669
K2-38 b,192.69,1310,9.47,1312,1313
TOI-332 b,222.852,1871,10.315,1873,1874
TOI-2141 b,77.682,722,7.87,724,725
HD 202772 A b,161.498,2132,6.959,2134,2135
KELT-16 b,444.586,2453,10.642,2455,2456
Kepler-138 d,66.8624,345,9.506,347,348
WASP-132 b,122.91,682,9.674,684,685
TOI-1272 b,137.572,975,9.701,977,978
XO-7 b,234.149,1743,9.241,1745,1746
K2-415 b,21.8182,412,9.899,414,415
TOI-1670 c,168.067,684,8.724,686,687
K2-261 b,213.283,1036,8.89,1038,1039
TOI-481 b,179.366,1370,8.443,1372,1373
HATS-54 b,748.585,1429,12.17,1431,1432
WASP-113 b,435.156,1496,10.311,1498,1499
TOI-1836 c,191.649,2008,8.531,2010,2011
NGTS-14 A b,322.148,1143,11.305,1145,1146
WASP-85 A b,141.887,1452,8.733,1454,1455
HD 25463 c,45.6181,1586,5.706,1588,1589
KELT-18 b,321.376,2085,9.21,2087,2088
TOI-1451 b,91.9362,723,8.073,725,726
WASP-185 b,279.35,1160,9.505,1162,1163
TOI-858 B b,250.489,1529,9.722,1531,1532
Kepler-91 b,1294.69,2040,10.136,2042,2043
TOI-3884 b,43.1448,441,10.24,443,444
WASP-105 b,169.272,900,9.935,902,903
K2-216 b,115.461,1103,9.721,1105,1106
TOI-329 b,284.388,1213,9.677,1215,1216
TOI-1470 c,51.9503,373,9.283,375,376
HD 73583 c,31.5666,498,6.948,500,501
HATS-60 b,486.474,1528,10.988,1530,1531
Kepler-849 b,822.134,363,11.527,365,366
L 98-59 d,10.6194,416,7.101,418,419
HD 110067 f,32.1585,489,6.492,491,492
KOI-1833 d,290.324,613,11.831,615,616
HD 260655 b,10.0055,709,5.862,711,712
NGTS-12 b,446.442,1257,10.588,1259,1260
TOI-1439 b,230.306,748,9.053001,750,751
K2-12 b,326.381,1026,10.605,1028,1029
HAT-P-44 b,347.85,1108,11.275,1110,1111
Wendelstein-1 b,305.3,2198,12.198,2200,2201
TOI-1273 b,177.118,1211,9.417,1213,1214
EPIC 249893012 c,321.296,990,9.714,992,993
TOI-2095 b,41.9176,347,8.988,349,350
TOI-5688 A b,226.318,742,11.959,744,745
TOI-3568 b,197.906,899,10.581,901,902
TOI-1288 b,114.865,1203,8.779,1205,1206
CoRoT-5 b,882.472,1438,12.546,1440,1441
GJ 414 A b,11.8893,309,4.979,311,312
HATS-22 b,229.518,858,10.942,860,861
WASP-89 b,290.946,1120,11.004,1122,1123
HAT-P-51 b,440.089,1168,11.614,1170,1171
WASP-44 b,364.512,1337,11.341,1339,1340
CoRoT-23 b,1060.97,1660,12.364,1662,1663
TOI-1260 d,73.5977,499,8.95,501,502
GJ 3470 b,29.4214,594,7.989,596,597
Kepler-1655 b,213.26,938,9.785,940,941
Gliese 12 b,12.21,315,7.807,317,318
TOI-1064 c,68.0726,634,8.467,636,637
HD 21749 c,16.32,701,5.375,703,704
K2-287 b,158.335,804,9.188,806,807
TOI-4791 b,328.802,1472,10.019,1474,1475
CoRoT-18 b,764.889,1550,13.014,1552,1553
WASP-161 b,343.08,1557,9.837,1559,1560
TOI-1669 c,111.276,1285,8.462,1287,1288
K2-98 b,518.625,1185,10.869,1187,1188
TOI-1294 b,332.648,1393,9.964,1395,1396
TOI-270 c,22.4793,488,8.251,490,491
GJ 3090 b,22.4751,693,7.294,695,696
TOI-5786 b,192.475,1040,8.963,1042,1043
HAT-P-59 b,265.471,1278,10.208,1280,1281
HD 110067 e,32.1585,533,6.492,535,536
HATS-37 A b,211.896,1085,9.947,1087,1088
HATS-71 b,140.225,587,11.727,589,590
WASP-139 b,212.472,910,10.472,912,913
HATS-25 b,471.158,1277,11.416,1279,1280
TOI-2567 b,504.775,1352,10.717,1354,1355
LTT 3780 c,21.9814,359,8.204001,361,362
TOI-2447 b,148.987,414,9.12,416,417
HD 219134 b,6.53127,1015,3.261,1017,1018
Kepler-4 b,487.916,1650,10.805,1652,1653
TOI-1246 d,169.422,588,9.907,590,591
NGTS-15 b,786.485,1146,12.907,1148,1149
Kepler-20 f,282.563,681,10.871,683,684
HIP 116454 b,62.4491,753,8.029,755,756
HATS-65 b,493.32,1634,11.095,1636,1637
WASP-103 b,375.647,2508,10.767,2510,2511
TOI-2207 b,373.345,1259,10.133,1261,1262
HATS-10 b,534.889,1407,11.511,1409,1410
TOI-2458 b,112.958,1509,7.891,1511,1512
HAT-P-4 b,320.451,1686,9.770001,1688,1689
Kepler-78 b,124.376,2223,9.586,2225,2226
TOI-406.01,31.0597,368,8.848,370,371
TOI-2416 b,557.733,1080,11.511,1082,1083
HIP 29442 c,68.192,1123,7.587,1125,1126
WASP-5 b,309.137,1706,10.598,1708,1709
HD 5278 b,57.5846,943,6.605,945,946
NGTS-5 b,306.779,952,11.612,954,955
WASP-20 b,211.877,1379,9.39,1381,1382
Qatar-4 b,329.036,1385,11.519,1387,1388
TOI-815 c,59.7117,469,7.999,471,472
TIC 4672985 b,253.385,517,9.97,519,520
K2-417 b,94.0424,558,10.06,560,561
TOI-815 b,59.7117,686,7.999,688,689
HATS-28 b,535.383,1253,12.086,1255,1256
HATS-38 b,343.525,1294,10.768,1296,1297
TOI-1468 c,24.7399,338,8.497,340,341
HD 207496 b,23.606,743,5.967,745,746
K2-295 b,232.801,852,10.03343479591837,854,855
NGTS-16 b,898.168,1177,12.647,1179,1180
KELT-23 A b,126.261,1561,8.904,1563,1564
Kepler-51 d,783.831,381,13.197,383,384
Kepler-68 c,144.166,1052,8.588,1054,1055
HATS-41 b,737.668,1710,11.498,1712,1713
EPIC 249893012 b,321.296,1616,9.714,1618,1619
HATS-72 b,127.589,739,9.764,741,742
HATS-77 b,436.176,828,12.934,830,831
Kepler-8 b,1021.87,1680,12.293,1682,1683
HIP 9618 c,67.5478,470,7.559,472,473
HD 77946 b,99.451,1129,7.622,1131,1132
Kepler-77 b,639.411,1440,12.361,1442,1443
WASP-165 b,602.236,1624,11.024,1626,1627
WASP-118 b,376.658,1729,9.788,1731,1732
HATS-42 b,800.377,1856,12.245,1858,1859
TOI-1823 b,71.6456,424,8.332,426,427
TOI-5293 A b,162.229,675,11.639,677,678
HATS-75 b,194.964,772,11.584,774,775
TOI-2000 b,175.713,1488,9.303001,1490,1491
HAT-P-60 b,233.22,1772,8.368,1774,1775
TOI-558 b,402.63,1061,10.262,1063,1064
WASP-46 b,375.31,1636,11.401,1638,1639
TOI-2076 d,41.9091,458,7.115,460,461
TOI-1173 b,132.353,868,9.134,870,871
TOI-125 d,111.059,638,8.995,640,641
K2-290 b,272.909,1230,9.42,1232,1233
WASP-156 b,122.066,934,9.339,936,937
K2-36 b,109.749,1328,9.454001,1330,1331
WASP-79 b,246.69,1716,9.056,1718,1719
HD 136352 b,14.682,905,4.159,907,908
HAT-P-38 b,255.206,1082,10.501,1084,1085
Kepler-111 c,657.223,352,12.11,354,355
TOI-3364 b,277.899,1264,9.783,1266,1267
HAT-P-58 b,515.59,1622,10.978,1624,1625
TOI-238 c,80.5407,696,8.598,698,699
EPIC 249893012 d,321.296,752,9.714,754,755
K2-280 b,391.537,787,10.765,789,790
TOI-733 b,75.2092,1056,7.845,1058,1059
LTT 1445 A c,6.86929,508,6.496,510,511
HD 21520 b,79.208,637,7.707,639,640
TOI-4994 b,329.304,718,10.797,720,721
K2-30 b,333.042,1092,11.088,1094,1095
Kepler-76 b,822.96,2140,12.092,2142,2143
K2-36 c,109.749,854,9.454001,856,857
HATS-45 b,772.11,1518,12.137,1520,1521
TOI-2154 b,296.46,1580,9.85,1582,1583
TOI-6130 b,220.882,1750,9.655,1752,1753
TOI-1789 b,229.067,1927,8.345,1929,1930
HIP 9618 b,67.5478,641,7.559,643,644
HIP 97166 b,65.9501,702,7.923,704,705
TOI-4914 b,299.89,894,10.706,896,897
WASP-177 b,176.818,1142,10.163,1144,1145
K2-111 b,200.394,1309,9.377,1311,1312
K2-237 b,314.995,1759,10.217,1761,1762
HAT-P-66 b,935.456,1896,11.675,1898,1899
Kepler-428 b,686.284,1070,13.234,1072,1073
HD 86226 c,45.683,1311,6.463,1313,1314
HATS-27 b,816.988,1659,11.55,1661,1662
TOI-1749 c,99.5561,673,10.27,675,676
TOI-1472 b,121.84,811,9.277,813,814
HD 23472 b,39.0341,543,7.207,545,546
HD 97658 b,21.5618,751,5.734,753,754
HD 191939 b,53.6089,880,7.18,882,883
Kepler-323 b,454.883,1838,11.354,1840,1841
OGLE-TR-132 b,2012.62,2013,14.99,2015,2016
TOI-561 e,85.799,415,8.394,417,418
K2-3 b,44.0727,501,8.561,503,504
GJ 9827 c,29.661,716,7.193,718,719
CoRoT-24 c,591.555,850,12.924,852,853
TOI-1411 b,32.4778,976,7.25,978,979
Kepler-109 b,474.861,1276,11.001,1278,1279
TOI-431 b,32.5686,1862,6.723,1864,1865
Kepler-138 c,66.8624,410,9.506,412,413
Kepler-19 b,218.562,851,10.318,853,854
TOI-1478 b,152.892,918,9.201,920,921
HAT-P-9 b,455.203,1540,11.015,1542,1543
HD 3167 c,47.2899,564,7.066,566,567
TOI-969 b,77.2554,941,8.879,943,944
NGTS-23 b,1074.95,1327,12.73,1329,1330
TOI-1855 b,176.833,1701,9.523,1703,1704
HATS-24 b,494.182,2166,11.382,2168,2169
TOI-2180 b,116.685,348,7.604,350,351
TOI-1842 b,223.465,1200,8.446,1202,1203
KOI-94 b,477.052,1486,10.926,1488,1489
TOI-1266 b,36.0118,425,8.84,427,428
NGTS-8 b,428.976,1345,11.642,1347,1348
TOI-1820 b,248.504,1375,9.508,1377,1378
OGLE-TR-56 b,341.24317438112195,2212,10.03343479591837,2214,2215
TOI-125 b,111.059,1037,8.995,1039,1040
TOI-2025 b,335.985,1166,10.01,1168,1169
WASP-90 b,466.433,1840,10.248,1842,1843
TOI-431 d,32.5686,633,6.723,635,636
TOI-1296 b,323.265,1415,9.742,1417,1418
HD 88986 b,33.2673,460,4.884,462,463
HD 136352 c,14.682,677,4.159,679,680
CoRoT-6 b,645.294,1017,12.119,1019,1020
Kepler-74 b,1177.55,1078,12.958,1080,1081
TOI-954 b,238.768,1526,8.779,1528,1529
K2-260 b,663.834,2090,11.093,2092,2093
CoRoT-9 b,412.98,420,11.688,422,423
HD 219134 f,6.53127,523,3.261,525,526
TOI-3807 b,421.745,1646,10.617,1648,1649
TOI-1448 b,73.3345,426,10.765,428,429
TOI-5398 b,130.855,947,8.713,949,950
TOI-1794 b,155.791,993,8.692,995,996
TOI-6038 A b,179.147,1439,8.445,1441,1442
HD 93963 A b,82.3432,1842,7.776,1844,1845
TOI-2120 b,32.1755,384,10.205,386,387
TOI-1260 c,73.5977,651,8.95,653,654
TOI-4010 c,177.504,907,10.157,909,910
HAT-P-12 b,142.751,963,10.108,965,966
TOI-2145 b,224.731,1363,7.761,1365,1366
Wolf 503 b,44.526,789,7.617,791,792
TOI-3693 b,176.436,801,10.151,803,804
TOI-1853 b,165.105,1479,10.055,1481,1482
K2-266 e,77.5586,490,8.897,492,493
TOI-2589 b,200.273,592,9.632,594,595
TOI-4515 b,193.499,705,10.134,707,708
TOI-1685 b,37.6153,1062,8.758,1064,1065
HAT-P-61 b,338.84,1505,11.141,1507,1508
Kepler-51 c,783.831,439,13.197,441,442
K2-29 b,178.475,1171,10.062,1173,1174
WASP-193 b,362.087,1254,10.745,1256,1257
HD 28109 d,139.611,506,8.175,508,509
TOI-1775 b,149.234,708,9.722,710,711
GJ 9827 b,29.661,1035,7.193,1037,1038
TOI-908 b,175.748,1317,9.637,1319,1320
Kepler-40 b,2305.01,1620,13.27,1622,1623
TOI-2109 b,262.041,3646,9.07,3648,3649
HATS-6 b,169.318,713,11.224,715,716
TOI-5218 b,377.483,783,12.546,785,786
HD 15337 b,44.8155,1001,7.044,1003,1004
Kepler-62 d,300.874,510,11.659,512,513
TOI-837 b,142.488,995,8.933,997,998
L 168-9 b,25.1496,998,7.082,1000,1001
HAT-P-25 b,300.384,1182,10.815,1184,1185
HATS-52 b,555.134,1834,12.114,1836,1837
Kepler-62 f,300.874,208,11.659,210,211
L 98-59 c,10.6194,553,7.101,555,556
HATS-3 b,411.211,1648,10.694,1650,1651
Kepler-87 b,1232.9,478,12.981,480,481
TOI-2338 b,313.996,799,10.664,801,802
HAT-P-28 b,401.319,1384,11.104,1386,1387
CoRoT-11 b,655.037,1657,11.248,1659,1660
TOI-2373 b,508.686,860,11.586,862,863
TOI-257 b,76.9028,1027,6.256,1029,1030
NGTS-24 b,683.062,1499,11.51,1501,1502
TOI-561 d,85.799,598,8.394,600,601
TOI-1420 b,201.918,957,10.119,959,960
HATS-32 b,745.116,1437,12.699,1439,1440
Kepler-6 b,587.039,1460,11.634,1462,1463
HD 20329 b,63.6796,2141,7.116,2143,2144
TIC 46432937 b,90.5369,872,10.195,874,875
HATS-44 b,446.035,1161,12.188,1163,1164
NGTS-6 b,308.262,1284,11.65,1286,1287
TOI-4010 b,177.504,1441,10.157,1443,1444
K2-97 b,878.43,1566,10.035,1568,1569
TOI-1807 b,42.5775,1694,7.568,1696,1697
K2-3 c,44.0727,372,8.561,374,375
K2-290 c,272.909,676,9.42,678,679
WASP-169 b,627.066,1604,10.483,1606,1607
NGTS-21 b,592.891,1357,12.951,1359,1360
WASP-158 b,524.993,1590,10.881,1592,1593
Kepler-107 b,525.997,1592,11.06,1594,1595
TOI-3071 b,485.219,2155,11.005,2157,2158
WASP-18 b,123.483,2429,8.131,2431,2432
Kepler-20 b,282.563,1187,10.871,1189,1190
K2-265 b,138.671,1366,9.259,1368,1369
TOI-286 b,59.2293,979,7.851,981,982
KPS-1 b,262.706,1459,10.931,1461,1462
WASP-93 b,370.284,1942,9.942,1944,1945
HAT-P-23 b,364.813,2056,10.791,2058,2059
WASP-130 b,172.256,833,9.461,835,836
K2-38 c,192.69,949,9.47,951,952
TOI-3976 A b,516.087,1295,11.048,1297,1298
K2-285 d,154.961,620,9.971,622,623
HD 235088 b,41.1706,754,7.084,756,757
HATS-49 b,324.413,835,11.938,837,838
Wolf 327 b,28.5321,996,8.435,998,999
TOI-677 b,141.812,1252,8.429,1254,1255
KELT-24 b,96.5173,1391,7.154,1393,1394
K2-329 b,233.237,650,10.668,652,653
Kepler-10 c,185.506,578,9.496,580,581
HATS-13 b,421.855,1244,11.983,1246,1247
TOI-1416 b,55.0135,1517,7.708,1519,1520
TOI-169 b,407.84,1715,10.815,1717,1718
KOI-94 c,477.052,1012,10.926,1014,1015
HATS-4 b,416.459,1315,11.612,1317,1318
Kepler-117 b,1455.57,984,13.011,986,987
CoRoT-1 b,787.909,1898,12.149,1900,1901
TOI-270 d,22.4793,387,8.251,389,390
TOI-178 f,62.699,521,8.656,523,524
WASP-7 b,162.303,1487,8.396,1489,1490
TOI-2421 b,327.927,1534,9.667,1536,1537
WASP-164 b,327.506,1610,10.959,1612,1613
TOI-530 b,148.762,565,11.238,567,568
HAT-P-37 b,390.594,1271,11.667,1273,1274
K2-66 b,513.877,1372,10.609,1374,1375
K2-266 b,77.5586,1515,8.897,1517,1518
TOI-2010 b,109.19,400,8.281,402,403
NGTS-1 b,218.121,790,11.936,792,793
K2-419 A b,268.685,377,12.555,379,380
HD 28109 c,139.611,585,8.175,587,588
WASP-132 c,122.91,1329,9.674,1331,1332
TOI-2152 A b,303.006,1802,9.597,1804,1805
HATS-35 b,514.555,2037,11.118,2039,2040
Kepler-454 b,230.869,916,9.968,918,919
HATS-46 b,453.808,1054,11.965,1056,1057
TOI-5398 c,130.855,1242,8.713,1244,1245
CoRoT-36 b,925.958,1567,11.592,1569,1570
HAT-P-53 b,666.802,1778,12.1,1780,1781
HATS-31 b,773.974,1823,11.572,1825,1826
HATS-66 b,1477.98,1998,12.761,2000,2001
HD 63433 c,22.4035,622,5.258,624,625
Kepler-117 c,1455.57,704,13.011,706,707
TIC 139270665 b,189.875,703,8.946,705,706
HATS-61 b,679.761,1226,11.478,1228,1229
WASP-173 A b,232.98,1880,10.002,1882,1883
HD 2685 b,196.852,2061,8.595,2063,2064
TOI-532 b,135.047,867,10.587,869,870
HAT-P-20 b,71.0374,970,8.601,972,973
HAT-P-36 b,294.419,1781,10.603,1783,1784
TOI-260 b,20.1852,493,6.549,495,496
HD 73344 b,35.26,911,5.567,913,914
Kepler-107 d,525.997,1173,11.06,1175,1176
CoRoT-26 b,1045.18,1600,13.261,1602,1603
Kepler-1514 b,397.292,388,10.688,390,391
K2-140 b,347.917,962,10.995,964,965
HATS-47 b,300.67,853,11.926,855,856
TOI-2570 b,361.857,1431,10.905,1433,1434
K2-141 b,61.8736,2103,8.401,2105,2106
TOI-1759 b,40.0654,443,7.93,445,446
Kepler-93 b,95.9115,1133,8.37,1135,1136
TOI-1452 b,30.5212,326,9.74,328,329
TOI-4438 b,30.0346,435,8.869,437,438
NGTS-30 b,238.377,500,10.501,502,503
TOI-3984 A b,108.883,563,11.052,565,566
HD 106315 c,109.353,886,7.853,888,889
TOI-1075 b,61.4592,1323,9.115,1325,1326
WASP-136 b,275.587,1742,8.805,1744,1745
Kepler-167 e,341.908,134,11.832,136,137
TOI-1824 b,59.4314,529,7.757,531,532
K2-285 c,154.961,741,9.971,743,744
HIP 29442 d,68.192,920,7.587,922,923
KELT-10 b,188.404,1377,9.338,1379,1380
TOI-1246 c,169.422,862,9.907,864,865
Kepler-412 b,1086.24,1850,12.837,1852,1853
HD 191939 d,53.6089,540,7.18,542,543
TOI-4860 b,80.1423,694,11.175,696,697
TOI-2364 b,219.614,1091,10.363,1093,1094
TOI-2981 b,527.789,1358,11.78,1360,1361
WASP-163 b,261.386,1638,10.147,1640,1641
GJ 143 b,16.32,422,5.375,424,425
TOI-2796 b,350.343,1205,10.936,1207,1208
TOI-411 b,62.7792,1241,6.981,1243,1244
Kepler-101 b,927.981,1513,12.011,1515,1516
HD 22946 d,62.7792,546,6.981,548,549
TOI-4153 b,423.84,1669,10.296,1671,1672
K2-266 d,77.5586,538,8.897,540,541
K2-60 b,491.87,1400,10.993,1402,1403
TOI-172 b,342.831,1198,9.722,1200,1201
NGTS-18 b,1096.19,1381,12.87,1383,1384
KOI-1257 b,341.24317438112195,511,12.726,513,514
K2-136 b,59.2474,610,8.368,612,613
HD 219134 c,6.53127,782,3.261,784,785
TOI-2019 b,198.007,917,8.598,919,920
HATS-5 b,246.384,1025,10.703,1027,1028
